D01,D02,D03,D04,D05,D06,D07,D08,D09,FEVD01,FEVD04,FEVD07,FEVD02,FEVD05,FEVD08,FEVD03,FEVD06,FEVD09,step,pD01_ll,pD01_ul,pD02_ll,pD02_ul,pD03_ll,pD03_ul,pD04_ll,pD04_ul,pD05_ll,pD05_ul,pD06_ll,pD06_ul,pD07_ll,pD07_ul,pD08_ll,pD08_ul,pD09_ll,pD09_ul,pFEVD01_ll,pFEVD01_ul,pFEVD04_ll,pFEVD04_ul,pFEVD07_ll,pFEVD07_ul,pFEVD02_ll,pFEVD02_ul,pFEVD05_ll,pFEVD05_ul,pFEVD08_ll,pFEVD08_ul,pFEVD03_ll,pFEVD03_ul,pFEVD06_ll,pFEVD06_ul,pFEVD09_ll,pFEVD09_ul,nD01_ll,nD01_ul,nD02_ll,nD02_ul,nD03_ll,nD03_ul,nD04_ll,nD04_ul,nD05_ll,nD05_ul,nD06_ll,nD06_ul,nD07_ll,nD07_ul,nD08_ll,nD08_ul,nD09_ll,nD09_ul,nFEVD01_ll,nFEVD01_ul,nFEVD04_ll,nFEVD04_ul,nFEVD07_ll,nFEVD07_ul,nFEVD02_ll,nFEVD02_ul,nFEVD05_ll,nFEVD05_ul,nFEVD08_ll,nFEVD08_ul,nFEVD03_ll,nFEVD03_ul,nFEVD06_ll,nFEVD06_ul,nFEVD09_ll,nFEVD09_ul
.43265611,.10573299,.0055239042,0,.2761299,.006741791,0,0,.1169726,0,0,0,0,0,0,0,0,0,0,.40135357,.45262054,.077698052,.12363681,.00018872018,.015591608,0,0,.24909641,.29797161,.00081294507,.0168816,0,0,0,0,.07256569,.18554437,0,0,0,0,0,0,0,0,0,0,0,0,0,0,0,0,0,0,.40854043,.45677182,.084140718,.12732525,-.0027714646,.013819274,0,0,.25179985,.30045992,-.00085616513,.014339747,0,0,0,0,.054142408,.17980279,0,0,0,0,0,0,0,0,0,0,0,0,0,0,0,0,0,0
.12812589,.078747958,.01019811,.076822571,.11598051,.016807785,.019890688,.019649969,.16457918,1,0,0,.12787172,.87212825,0,.0022177852,.0033035267,.9944787,1,.10525256,.14353436,.058978666,.093344793,.0010619329,.026104584,.05826813,.096521601,.095031932,.13201314,.0071463278,.029060254,.00015386092,.045451768,-.000048302521,.037601501,.1012487,.25910991,1,1,0,0,0,0,.078340977,.177385,.82261503,.92165899,0,0,.000052082185,.0091549773,.000087075605,.014317949,.98137641,.99937028,.10809679,.14815497,.061278667,.09621726,-.0028696398,.023265861,.05724369,.096401453,.096728854,.13523217,.0052466746,.028368894,-.00017931711,.039960694,.0031698404,.036130097,.075858638,.25329974,1,1,0,0,0,0,.080863595,.17487985,.82512009,.9191364,0,0,-.0028949452,.0073305154,-.0039317696,.010538823,.98533207,1.0036254
.08041878,.056869432,.017640553,.059814908,.083054043,.029329473,.027061915,.030365918,.21785741,.96999907,.028116101,.0018848511,.16173211,.83467495,.0035929615,.0032624428,.0079539791,.9887836,2,.05723682,.09715727,.038663208,.072756514,.0035182105,.041676052,.038272098,.079204112,.060764559,.10048991,.015233509,.047042489,.003225523,.049993895,.009839084,.057060324,.13333279,.34102792,.95453167,.98119926,.016087718,.043350503,.00001766453,.0097965421,.10972962,.21117109,.78611863,.88590842,.00017354474,.01217374,.0001641454,.012314903,.001357949,.024934322,.96874136,.99558491,.061089832,.099747732,.039256345,.074482515,-.00037043192,.035651539,.040048718,.079581097,.063337781,.1027703,.013039463,.045619484,.0040631588,.050060671,.0076865852,.05304525,.10045592,.3352589,.95599133,.98400682,.014193635,.042038567,-.0025149689,.0062846709,.11090356,.21256065,.78350455,.88584536,-.002442668,.0096285911,-.0032781679,.009803053,-.0035108854,.019418843,.97530681,1.0022603
.05238663,.032205027,.020121276,.034886226,.04823526,.039043304,.030532481,.030464921,.22880557,.95193309,.042955566,.0051113614,.1739352,.81502694,.011037866,.0049597281,.013221793,.9818185,3,.024308298,.067451701,.013264252,.046687141,.002838562,.04790318,.015362692,.053911172,.027716581,.062708214,.02197052,.059575506,.0087296851,.058421567,.0078310538,.056567851,.13743284,.34999263,.92700577,.96702838,.027333632,.064609647,.00030377309,.018453566,.1211856,.22310762,.7569043,.86871409,.0011928255,.035216607,.0002089363,.01636555,.0029386859,.035517387,.95295477,.9919287,.032291111,.072482154,.015017098,.049392957,.00024220896,.040000346,.0155961,.054176357,.030361274,.066109248,.019731849,.058354758,.0065674349,.054497529,.0077411062,.053188737,.10585079,.35176036,.93207431,.97179186,.024555478,.061355654,-.0040207319,.014243455,.12104758,.22682284,.75997883,.87007505,-.0059311683,.0280069,-.0034207858,.013340242,-.0037846111,.030228198,.96206439,1.0015726
.037725709,.029789716,.026135892,.030629426,.046857696,.048798867,.032628525,.029199541,.24820599,.94344789,.047418982,.0091331527,.17630181,.80548888,.018209288,.0059007583,.018818099,.97528112,4,.011936676,.054594889,.0097798612,.047038794,.0060314406,.05715964,.0049699154,.052857481,.023087135,.064080507,.027976945,.074646741,.0084087402,.05638016,.0045404481,.050865453,.14892957,.38034862,.91391277,.96108675,.030836154,.072672606,.0010161658,.030908929,.1216426,.22635314,.73876554,.86019516,.0023725436,.057396818,.00019681023,.019358249,.0048769685,.048000269,.93601763,.98959219,.01593088,.059520543,.011779661,.04779977,.0033790048,.048892781,.006602555,.054656297,.025657624,.068057768,.026209347,.071388394,.0093486318,.055908419,.0075765336,.050822545,.11469097,.38172102,.91907066,.96782511,.026946349,.067891613,-.0055640577,.023830364,.12249582,.23010778,.74666142,.86431634,-.0084473342,.04486591,-.0039084461,.015709963,-.0042724716,.04190867,.94875544,1.0018067
.028825235,.030680465,.029609045,.035338309,.03994929,.056326188,.023751697,.020401523,.26599044,.93554825,.050806306,.013645475,.17782894,.79780036,.024370713,.0073445095,.024394052,.96826142,5,.0043013273,.046972975,.010225063,.047303271,.0068477858,.060675673,.012267075,.057334252,.01489304,.058807403,.033754542,.083831251,.0032074016,.04116416,.0022650012,.035125583,.15907121,.40519342,.90044165,.95655227,.031009959,.080252156,.002277137,.042835664,.12410825,.22716182,.72128892,.85173458,.0046812338,.072513707,.00031285957,.02276686,.0065687895,.059915211,.92204106,.9866097,.0078344587,.049816012,.01273616,.048624769,.0042756135,.054942474,.012804125,.057872497,.018693844,.061204739,.030878993,.081773378,.0053544743,.042148918,.0038815902,.036921453,.12287777,.4091031,.90662944,.96446705,.027880495,.073732115,-.0063703493,.033661298,.12372098,.2319369,.7356922,.85990852,-.0096992794,.058440704,-.0043746005,.01906362,-.0049600224,.053748127,.93427593,1.0022469
.020361384,.014962021,.034997713,.021320783,.026449595,.06191786,.024299927,.022275727,.28600129,.9284575,.055617414,.015925106,.18103692,.79193825,.027024845,.0084986184,.0291468,.9623546,6,-.0018460416,.032265354,-.0040676128,.029021755,.010307266,.070854619,.0023140023,.04264617,.0033132511,.043000046,.036404714,.090742171,.002548398,.040656313,.0023726209,.0374543,.17115134,.43639523,.89028662,.9522835,.032949015,.088759385,.0029923157,.048822932,.13202953,.23136967,.71039927,.84704828,.0049426313,.078264222,.00039207589,.026618373,.0082078585,.068947062,.90892583,.98369789,.0015939013,.03912887,-.0018330304,.031757072,.0069466522,.063048773,.0012129465,.041428618,.0065503661,.046348821,.033950284,.089885436,.0063463734,.042253483,.0050129537,.039538499,.13161801,.44038457,.8960368,.96087819,.030004768,.081230059,-.0062794667,.038129676,.12641385,.23565999,.72811723,.85575926,-.0098513197,.063901007,-.0049365847,.021933822,-.0053547556,.063648358,.92203498,1.0026742
.01302336,.011186468,.038359463,.016632581,.018420303,.06682618,.022030633,.020902295,.3014181,.92442226,.057219241,.018358517,.18078412,.78869927,.0305166,.0098123178,.032661948,.95752573,7,-.0040225713,.025383493,-.0057840631,.023680829,.011026192,.076725826,-.0034224638,.032594368,-.0025936458,.033625439,.037836283,.097833142,.0033190541,.036393836,.0030021311,.035806805,.17939977,.46120316,.88275236,.95088887,.034107983,.090516508,.0036319778,.052190933,.131761,.23221773,.70300543,.84611291,.0061329012,.084224969,.00088295719,.030138044,.0096467389,.077599227,.89829332,.98204905,-.0022118797,.028258599,-.003552418,.025925355,.0075822286,.069136694,-.00098146719,.034246631,.00061536592,.036225241,.036380019,.097272336,.0055228267,.038538441,.0046591363,.037145454,.13838585,.46445036,.88942266,.95942187,.030266767,.084171712,-.0063059828,.043023016,.12599756,.23557068,.7229147,.85448384,-.010336991,.071370192,-.0054824953,.02510713,-.0059641427,.071288042,.911663,1.0033885
.0090264576,.0081689004,.041430276,.012434304,.013396325,.07083407,.023002312,.022189416,.31130123,.92146724,.058173522,.020359254,.18049771,.78588468,.03361759,.010928851,.035453498,.95361763,8,-.0046630595,.020608654,-.0064350124,.019493047,.011619315,.081061617,-.0048441729,.027466327,-.0045373645,.027282927,.038820315,.10368292,.0059059244,.036530074,.005362967,.036322046,.18262196,.47825432,.87837797,.95049584,.035035532,.092299402,.0039459276,.055870123,.13163596,.23254676,.69816387,.84530699,.006597627,.091701515,.0011534292,.034588762,.010127243,.084170125,.88719422,.98165959,-.0041111899,.022164105,-.0049391882,.021276988,.0081620086,.074698545,-.0032546439,.028123252,-.0024950407,.029287688,.037915204,.10375293,.0075833951,.038421229,.006560964,.037817869,.14255188,.48005056,.88444132,.95849317,.030306051,.086040996,-.0063688504,.047087356,.12563945,.23535596,.71842301,.85334635,-.010781675,.078016855,-.0061547048,.028012406,-.0066583198,.07756532,.90288091,1.0043544
.0073716072,.0070890463,.043632884,.010634889,.01137748,.074510574,.021636076,.020415606,.31779712,.91881126,.058642417,.022546317,.17999622,.78286451,.03713927,.011951395,.03780587,.95024276,9,-.0043200208,.017217819,-.0039763171,.016814448,.012029402,.085217878,-.0039691338,.023353551,-.0033827201,.022381216,.03999725,.11177956,.0056595099,.034774248,.0041840421,.03325256,.183525,.48793542,.87254179,.95003092,.03530078,.093087986,.0043588262,.060108684,.13116014,.23198281,.69298345,.84413671,.0068207039,.10144871,.0013791311,.037156306,.010444559,.090718836,.87963247,.9822678,-.0033985581,.018141773,-.0035834443,.017761536,.0082099028,.079055868,-.0024718614,.023741638,-.001740346,.024495307,.039443895,.10957725,.0069147302,.036357421,.0057574431,.035073768,.14534432,.49024996,.8797273,.95789522,.030155346,.087129489,-.0064618117,.051554445,.12509716,.23489529,.71348071,.85224831,-.011126514,.085405052,-.0069124443,.030815234,-.0075185243,.083130263,.89491493,1.0055707
.0062245014,.0057187118,.045450728,.008888999,.0092977276,.077216186,.020217072,.018862078,.32221812,.91656172,.058964498,.024473749,.17956795,.78033346,.040098563,.012845908,.039942831,.94721127,10,-.0031310217,.015268374,-.0040520374,.014232831,.01220273,.088559717,-.003329224,.019542452,-.0037703775,.019753538,.040839888,.11765535,.0045708129,.032551318,.0024628225,.030536529,.18384828,.49907839,.86696279,.94970047,.035434686,.093372032,.0047200089,.064009152,.13073055,.23176332,.68902695,.84297651,.0069275382,.11004317,.0016026419,.03935273,.010956734,.097261146,.87165546,.98245692,-.0028951727,.015344176,-.003629321,.015066745,.0082229609,.082678497,-.0025750578,.020353055,-.0023993573,.020994812,.04025289,.11417948,.0063049048,.03412924,.0050321491,.032692008,.14711055,.49732569,.87569737,.95742607,.030002477,.087926522,-.0065047811,.05545228,.1246447,.2344912,.70934737,.85131955,-.011294144,.091491267,-.0077173142,.03340913,-.0084082335,.088293895,.88753784,1.0068847
.004554797,.0042596576,.046896767,.0073948619,.0073610777,.079279602,.018825036,.017580053,.32572553,.9146809,.059167795,.026151313,.17917508,.77821028,.042614654,.013640794,.041831877,.94452733,11,-.004187719,.0125064,-.0049098711,.011875091,.011819027,.091027319,-.0039593107,.016914798,-.0045368443,.017004292,.040838309,.12304485,.003127652,.029520061,.001871865,.028834946,.18386805,.50934035,.86237562,.94938147,.03551187,.094300866,.0049459878,.067040026,.13038987,.23155437,.68591577,.84205532,.0073032938,.11722814,.0016749068,.042322073,.011158282,.10466391,.86192304,.9828589,-.0035145944,.012624188,-.0040882579,.012607573,.0080966996,.085696831,-.0028767774,.017666502,-.0031729303,.017895086,.040647052,.11791214,.0055271131,.032122958,.0044210376,.030739067,.14846081,.50299025,.87234175,.95702004,.029878888,.088456705,-.0064464635,.058749087,.1242432,.23410696,.70588136,.85053921,-.011307813,.096537121,-.0085227499,.035804339,-.0093159098,.092979662,.88080835,1.0082463
.00394317,.0036561254,.047999725,.0063106148,.0062150233,.080647454,.017704291,.016697317,.32785198,.91310561,.059291542,.027602879,.17880112,.77640259,.044796292,.014343299,.043479156,.94217753,12,-.0027178375,.010624509,-.0030172733,.009785831,.010854963,.09267883,-.0025902521,.014625335,-.002971594,.014621673,.040499836,.12698269,.0025742813,.028585715,.0015552657,.027391564,.182739,.51649904,.85870492,.94912308,.035548143,.095357426,.0051490394,.070427336,.13010851,.23139581,.68268329,.84137011,.0078245066,.12326505,.0016225101,.044718537,.010897119,.11016637,.85230696,.98342001,-.0026254153,.010511756,-.0030164542,.010328705,.0079297274,.088069722,-.0022177924,.014839021,-.002423428,.014853475,.040575042,.12071986,.0048704483,.030538136,.0039724777,.029422158,.14907321,.50663072,.86956209,.95664912,.029767325,.088815756,-.0063522686,.061558027,.12385376,.23374848,.7029469,.84985828,-.011273094,.10086568,-.0093130469,.037999645,-.010211268,.097169578,.87473744,1.0096177
.0034278804,.0032258581,.048790418,.0055917236,.0054428447,.081591457,.016980929,.016142724,.3285324,.91174889,.059367381,.028883746,.17846087,.77478081,.046758335,.014965479,.044895485,.94013906,13,-.0016287899,.0091705136,-.0017036771,.0086205974,.010081375,.093681544,-.0014404317,.012866508,-.0015312,.012874942,.039580442,.12962726,.002731496,.027670793,.0011423137,.026126968,.17984727,.52039343,.85483158,.94889212,.035531923,.09617646,.0053561614,.073447943,.12987351,.23125917,.68008351,.84078741,.008025988,.12675232,.0015387419,.046643879,.010659107,.11561301,.84535348,.9839505,-.0019410517,.008796812,-.002178879,.0086305952,.0077172355,.089863606,-.0014833922,.012666839,-.0016344374,.012520127,.040297672,.12288523,.0044710892,.029490769,.0037198465,.028565602,.14902717,.50803763,.86716384,.95633394,.029677292,.089057468,-.0062550469,.064022541,.1235023,.23341943,.70031214,.84924948,-.011202999,.10471967,-.010071285,.040002242,-.011094857,.10088583,.86929715,1.010981
.003147715,.0029904284,.049276989,.0050782752,.004913284,.082144663,.016192518,.015408206,.32776281,.91052413,.059416287,.030059569,.17814019,.77327323,.048586588,.015518547,.046129566,.93835187,14,-.00096924568,.0081665721,-.0010941537,.0076481588,.0092733391,.094094068,-.00071008957,.011408861,-.00085662946,.01147107,.038457487,.12947538,.0016722034,.026639462,.00068991457,.025142554,.17597297,.52127993,.8519271,.94872588,.035514813,.096651986,.005568176,.076222658,.12967241,.23112813,.67786092,.84022462,.008177394,.12857151,.0014617688,.048678927,.010493508,.12053551,.83934563,.98426378,-.0013721586,.0076675885,-.0015180372,.0074988939,.0075245365,.091029443,-.00087086775,.011027418,-.00099773507,.010824303,.03991846,.12437087,.0038864098,.028498627,.0032310921,.027585318,.14826468,.50726092,.86500669,.95604157,.029605605,.089226969,-.0061608399,.066279978,.12316878,.23311161,.69787824,.84866822,-.011107935,.10828111,-.010792281,.041829377,-.0119547,.10421383,.86439013,1.0123136
.0028729411,.0027177378,.049515948,.004655452,.0044679977,.08235769,.015450185,.014695982,.32590869,.90942329,.059450358,.031126339,.17784974,.77190381,.050246429,.016011268,.047219697,.93676901,15,-.00081499538,.0071770772,-.00098910753,.0067509217,.0088320561,.094842538,-.00043301197,.0102021,-.00048434403,.01017726,.037095428,.12837297,.00095409784,.02547399,.000083994244,.024119254,.17152594,.51978344,.85007989,.94863433,.035497751,.096677169,.0057535563,.077350408,.12949772,.23100626,.6760093,.83966964,.0083379867,.13003761,.0014036091,.050728753,.010654544,.12498759,.83399647,.98449433,-.0010443417,.006790224,-.0011772574,.006612733,.0073538576,.091678038,-.00054533454,.009856239,-.00069521909,.0096312147,.039430976,.1252844,.0033527263,.027547643,.0027608925,.02663107,.14698645,.5048309,.8630662,.95578039,.029552501,.089348212,-.0060805995,.068333276,.12286771,.23283176,.69566327,.84814435,-.011000652,.11149351,-.011470458,.043492995,-.012782406,.1072218,.85994095,1.013597
.0026434604,.0024948844,.049550254,.0042978949,.0041146073,.082253754,.01468522,.013966694,.32324293,.9084301,.059474356,.032095563,.1775846,.77066374,.051751658,.016451284,.048190605,.93535811,16,-.0006263901,.0063100467,-.00083183567,.0059941281,.0077804122,.094685398,-.00037895935,.0092616417,-.00034400652,.0090536671,.03556044,.12693812,-.00011516978,.024316786,-.00073610485,.02294457,.1680319,.5165658,.84854734,.94855165,.035481945,.096767858,.0059396811,.078274064,.12934911,.23090054,.67448688,.83914316,.0085848011,.13124907,.0013726243,.052876137,.010787982,.12901267,.82923186,.98441136,-.00082930503,.0061162258,-.0009388394,.0059286081,.0072170934,.091883413,-.00034447486,.0089402646,-.00047173293,.0087009473,.038854867,.12565264,.0027586778,.026611762,.0022465463,.025686841,.14525196,.50123394,.86132795,.95553225,.029511897,.089436814,-.0059976727,.070188798,.12259129,.23257792,.69366562,.84766185,-.010879348,.11438266,-.012104856,.045007426,-.013570524,.10995173,.85589671,1.0148195
.0024753509,.0023465112,.049416702,.0040310482,.0038532307,.081873268,.01399953,.013343545,.3199324,.90753877,.059491724,.032969523,.17734468,.76954818,.053107161,.016845005,.049056757,.93409824,17,-.00030530177,.0055650631,-.00047421028,.0053267572,.0069343066,.093881428,-.00023995689,.0084420796,-.00022755811,.0080484552,.033440933,.12622102,-.00096264656,.023153163,-.0017322169,.021917671,.16363284,.51174974,.84719276,.94847608,.035467796,.096839257,.0061155455,.079106182,.12922317,.23081383,.67324585,.83866441,.0087532587,.1322981,.0013458137,.05454465,.010902813,.13253316,.82498169,.98432505,-.00057390193,.0055246036,-.00063854741,.0053315698,.0071102977,.091723107,-.00011008855,.0081721852,-.00020397636,.0079104379,.038179014,.12556753,.0022396089,.025759451,.0017979488,.024889141,.14315657,.49670821,.85977548,.95530206,.029481245,.0895022,-.0059213997,.071860448,.12234002,.23234935,.69186753,.84722883,-.010758379,.1169727,-.01269521,.046385221,-.014315318,.11242883,.85222179,1.0159748
.0023360958,.0022208258,.049138598,.0038021277,.0036339022,.08126732,.013384332,.012789897,.31604373,.90673226,.059505407,.033762351,.17712609,.76853299,.054340914,.017198166,.049829349,.93297249,18,-.0001751888,.0049709016,-.00026264883,.004758657,.0063976366,.092685536,-.00017015809,.0077078994,-.00028740737,.0072102728,.031689055,.12556145,-.0016064958,.021998135,-.0026644948,.020955075,.1581769,.50575501,.84603143,.94840628,.035455424,.096897364,.0062836446,.080443904,.12911606,.23074394,.67222548,.83823133,.0088636745,.1332469,.0013227826,.055817381,.010970186,.13555279,.8209101,.98416436,-.00042233241,.005094524,-.0004686091,.0049102609,.0070326352,.091244556,.000029208015,.0075750472,-.000056419361,.0073242239,.037447006,.12508763,.0017513318,.025017332,.0013830218,.024196772,.14070781,.49137965,.85838175,.95508277,.029458538,.089552276,-.0058463868,.07337109,.12210972,.23214248,.69023645,.84682953,-.010634414,.11931624,-.013242564,.047638897,-.015015112,.11467381,.84888488,1.01706
.0022204663,.0021160021,.04873351,.0036047681,.003445447,.080474555,.012826021,.012281819,.31163499,.90599781,.059516363,.034485832,.17692561,.76760292,.055471465,.017515823,.05052007,.9319641,19,-.00017205888,.0045482414,-.00022689483,.0044631888,.0059162248,.091150865,-.00022077314,.0069770534,-.00045324318,.0065068211,.030292869,.12454139,-.0021988018,.021130141,-.003213058,.02003637,.15237281,.49738953,.84498954,.94834244,.035444327,.096944496,.0064440202,.082175016,.12902305,.23068662,.67137396,.83783394,.0089739356,.13474837,.0013029098,.057588875,.010872964,.13827088,.81709421,.98398149,-.00032675947,.0047676922,-.00036832935,.0046003335,.0069844029,.090482615,.000086327964,.0071232081,-4.5380136e-07,.0068913475,.036673136,.12427598,.001323048,.024328994,.0010068194,.023556819,.13795534,.48531464,.85711795,.95487767,.029441971,.089590751,-.0057781092,.074749775,.12189741,.23195381,.68874282,.84646302,-.01051301,.12145594,-.013748434,.04878008,-.015669372,.11670952,.84585363,1.0180745
.0021123397,.0020151834,.048219744,.0034266908,.0032769737,.079527348,.012304951,.011798201,.30678985,.90532547,.059525322,.035149205,.17674121,.76674736,.056511458,.017802291,.051139921,.93105781,20,-.00021315462,.0042518517,-.00027846286,.004181236,.0054856478,.089335084,-.00023061372,.0063266056,-.00058737269,.0059721181,.028940316,.12277547,-.0030118942,.020332914,-.0036926381,.019269044,.14561993,.48719317,.84407532,.94828463,.035434403,.096982963,.0065732789,.083806425,.12894157,.23063882,.67065632,.83746409,.009074714,.13694751,.001278861,.059202224,.010782517,.14071956,.81438702,.98380136,-.00026836235,.0044930414,-.00030917607,.0043395432,.0069646202,.089474872,.000099875469,.0067535061,8.2148936e-06,.0065457323,.035877295,.12317741,.00093055388,.02367935,.00065687514,.022939527,.13492891,.47865075,.85596651,.95468444,.029429385,.089621261,-.0057141916,.076012604,.12170145,.23178098,.68737119,.84612352,-.010392761,.12341568,-.014214805,.049819387,-.016278479,.11855832,.84309709,1.0190185
.0020154668,.0019259099,.047615681,.0032687394,.0031295605,.078448474,.011809968,.011334586,.30159947,.90470839,.059532717,.03575892,.17657128,.76595968,.057469022,.018061234,.051698428,.93024033,21,-.00031784797,.0039815409,-.00036967199,.0039006437,.005096212,.087284476,-.00036578492,.0057988372,-.00071640767,.0057140654,.027644444,.12061328,-.0037020678,.019254901,-.0040996396,.018632833,.1386826,.47834837,.84325504,.94823289,.035425447,.09701474,.0066442499,.085348234,.12887,.23059863,.67004716,.8371197,.0091718677,.13897136,.00125529,.060672697,.010699557,.14293039,.8121348,.98362577,-.00022611576,.0042570494,-.00026298771,.0041148076,.0069694314,.088261932,.000092074835,.0064454041,1.0477993e-06,.0062580733,.035059072,.12183788,.00058752979,.023032406,.00034518997,.022323983,.1316825,.47151643,.85491371,.95450306,.029419845,.089645587,-.0056550913,.077172935,.12152041,.23162216,.68610913,.84581023,-.010275916,.12521397,-.014643803,.050766271,-.016843325,.12024018,.84058738,1.0198933
.0019280275,.0018451246,.046937872,.0031274848,.0029983139,.077259436,.011343872,.010898873,.29614419,.90414113,.059539013,.036319837,.17641471,.76523435,.058350954,.0182958,.052203152,.92950106,22,-.0003738642,.0038041729,-.00041168791,.0036871857,.0047401218,.085038505,-.00055562286,.0054846113,-.0008990182,.0053678593,.02639493,.11812627,-.0042795436,.018268019,-.0044211829,.018101417,.13320568,.46733376,.84252846,.94818652,.035417404,.09704119,.0067103263,.086301878,.12880743,.23056474,.66952538,.83680117,.009304327,.13948748,.0012350177,.062013358,.01062415,.14492887,.81012702,.98345649,-.0001925379,.0040485929,-.00022594676,.0039161961,.0069942451,.086881503,.000082476108,.0061724936,-8.3459763e-06,.0060049738,.03422381,.12029506,.00028308088,.022404663,.000068458401,.021729289,.12825291,.46403548,.8539511,.95433116,.029412445,.089665577,-.0055990904,.078238763,.12135309,.23147634,.68494868,.84552002,-.010162158,.12686406,-.015037702,.051629301,-.01736534,.12177165,.83830088,1.0207013
.0018473479,.0017706626,.046199851,.0029977367,.0028772117,.075979918,.01090736,.010491902,.29048255,.90361875,.059544519,.036836728,.17627017,.76456505,.059164792,.018508714,.052660249,.92883104,23,-.00039225034,.0036690575,-.00052483066,.0035391734,.0044122534,.082631439,-.00068224396,.0053444244,-.0010097765,.0049122348,.02519476,.11535406,-.0046461499,.01743472,-.004656218,.017645421,.12792441,.45592338,.84187496,.94814497,.035410173,.097063407,.0067711454,.086683527,.12875271,.23053588,.66907328,.83650827,.0095151607,.13981161,.0012176035,.063110441,.010555825,.14673598,.80833387,.98348951,-.00017497831,.0038696742,-.0002079048,.0037492302,.0070324228,.085367277,.00005577179,.0059397016,-.000037310001,.005791733,.033372663,.11858717,.000024132742,.021790588,-.00016665127,.021150457,.12468028,.45628479,.85306925,.95416826,.029406928,.08968211,-.0055458713,.079219326,.12119835,.23134199,.68387944,.84525067,-.010051833,.12838142,-.015398754,.052416183,-.017846238,.12316674,.83621681,1.0214453
.0017727851,.0017015402,.045412548,.0028773956,.0027646048,.074628152,.010499706,.010111617,.28466004,.90313655,.059549388,.037314072,.17613642,.76394594,.059917625,.018702354,.053074997,.92822266,24,-.00044417439,.003585944,-.00062842923,.0033970121,.0041105081,.080095612,-.00079133478,.004907052,-.0010508661,.004666171,.024033494,.11233222,-.0048885159,.016625419,-.0049094241,.017206993,.12164884,.44475901,.84128952,.9481076,.03540365,.097082064,.0068269377,.087008268,.1287048,.23051089,.6686759,.83623886,.0097189266,.1400736,.0012058262,.064076602,.010494037,.14836995,.80647659,.98353481,-.00016838551,.0037139556,-.00020213076,.0036052112,.0070804404,.08374466,.000023065153,.0057317261,-.000072982584,.0056021921,.032511871,.11674444,-.00019853703,.021197949,-.00036964714,.020592881,.12099493,.44832513,.85225981,.95401329,.029402755,.08969602,-.0054947669,.08012291,.12105483,.23121801,.6828925,.84499937,-.0099445414,.12977979,-.015729204,.053133912,-.01828794,.12443794,.83431679,1.0221285
.0017031033,.0016367007,.044585429,.0027649447,.0026592978,.073219769,.010116782,.0097527644,.27871621,.90269035,.059553713,.037755944,.17601235,.76337194,.060615703,.018878803,.053452075,.92766911,25,-.00059188349,.0034105505,-.0007476813,.0032981471,.0038337195,.077461019,-.00091091287,.0046104137,-.0011440081,.0044229673,.023013627,.10909581,-.0050642285,.015907634,-.0051845564,.016748831,.11532526,.43313378,.84075952,.94807386,.035397746,.097097717,.0068780929,.087293014,.12866268,.23048882,.66832167,.83599007,.0099162161,.14038977,.0011989617,.06495358,.010438163,.1498476,.80454785,.98357391,-.0001658823,.0035720889,-.00019948835,.0034728898,.0071339989,.08203686,-.000012434733,.0055423239,-.00010936357,.0054279589,.031644214,.11479533,-.00038368849,.020617252,-.00053931231,.020044841,.11722843,.44020402,.85151452,.95386618,.029399646,.089707777,-.0054458044,.080957696,.12092152,.23110318,.6819793,.84476459,-.009840548,.13107195,-.016031198,.053788804,-.018692508,.12559666,.8325839,1.0227543
.0016380823,.0015760378,.043726996,.0026600615,.0025611185,.071767852,.0097549818,.0094121164,.27268863,.90227664,.059557561,.038165782,.17589709,.76283884,.061264101,.019039867,.053795632,.92716449,26,-.00070741214,.0031731755,-.00075771613,.0032076528,.0036414536,.07475464,-.0010431835,.0043803966,-.001224166,.0041903351,.022271186,.105939,-.0051850416,.015483572,-.0053885835,.016304977,.10756946,.42223459,.84028029,.94804347,.035392396,.097110838,.0069249189,.087548047,.12862554,.23045191,.66800165,.83575934,.010105281,.14092702,.0011935574,.065749854,.010387735,.15122302,.80280221,.9836092,-.00016536699,.0034415317,-.00019843483,.0033505105,.007189706,.080264285,-.000044666158,.0053647892,-.00014100953,.0052632466,.030773312,.11276239,-.00053710403,.020047067,-.00068080903,.019505043,.11340836,.4319689,.8508271,.95372617,.02939732,.089717805,-.0053985729,.081730135,.12079739,.2309968,.68113315,.84454453,-.0097398013,.132268,-.01630681,.054386545,-.019062068,.12665333,.83100289,1.023326
.0015770072,.0015188558,.042844828,.00256182,.0024689832,.070283473,.0094120046,.0090882098,.26661122,.90189248,.059561018,.038546488,.17578986,.76234305,.061867122,.019187139,.054109268,.92670357,27,-.00071055623,.003000237,-.00070120604,.0029904195,.003458824,.072230577,-.0011635663,.004209904,-.0012879428,.0039755255,.021543022,.10295288,-.0052528633,.015075292,-.0055308696,.01588257,.099881127,.40968925,.83984423,.94801605,.035387553,.097121835,.0069676079,.087778181,.12859273,.23036677,.66755182,.83554494,.0102722,.14138192,.00118938,.066473022,.010342272,.15261444,.80122137,.98364264,-.00016675793,.0033207724,-.00019933148,.003237043,.007243399,.078446262,-.000074773845,.0051984135,-.00017004577,.0051080119,.029900292,.11066666,-.00066030846,.019484317,-.00079447468,.018970896,.109561,.42366144,.85019207,.9535929,.029395621,.089726411,-.0053529022,.082445875,.12068167,.23089805,.68034804,.84433806,-.0096424073,.13337664,-.016557997,.054932274,-.019398801,.12761734,.82955986,1.0238472
.0015194544,.0014648219,.04194551,.0024693606,.0023820298,.068776242,.0090866517,.0087804561,.26051292,.90153527,.05956414,.038900603,.17569,.76188141,.06242859,.01932201,.054396104,.92628187,28,-.00079363061,.0028061944,-.00071318308,.0028122275,.0032852888,.069526345,-.0011803012,.003996362,-.0013370123,.0037709193,.020830275,.099852756,-.0052728653,.014682001,-.0056463927,.015424876,.093323693,.39635754,.8394475,.94799125,.035383169,.097131036,.0070063518,.08798562,.12856376,.23029262,.66704905,.83534563,.010393075,.141767,.0011862332,.06712994,.010301333,.15387577,.79978937,.9836756,-.00017075255,.0032096615,-.00020325996,.0031329037,.0072913817,.076599635,-.00010261082,.005041332,-.000196949,.0049610087,.029026993,.10852548,-.0007579003,.018931204,-.00088405912,.01844497,.10570895,.41531691,.84960467,.95346588,.029394412,.089733869,-.0053084195,.083109625,.12057365,.23080634,.67961901,.84414381,-.0095481565,.13440533,-.016786616,.055430636,-.019704839,.12849705,.82824248,1.0243212
.001465118,.0014136875,.041034613,.00238202,.0022996548,.067254595,.0087778894,.0084879771,.2544176,.90120262,.059566971,.039230403,.17559686,.76145113,.062952012,.019445708,.054658853,.92589545,29,-.00086535432,.0026229271,-.00077020552,.0026790258,.0031203385,.067364693,-.0012063513,.0038488044,-.0014183244,.0036247976,.020133592,.096663579,-.005255877,.014302969,-.005806799,.014899893,.087200955,.38311616,.83908463,.94796872,.035379201,.097138718,.0070413854,.088173568,.12853812,.23022786,.66658115,.83516026,.010510119,.14260972,.0011934706,.067725934,.010264479,.15501931,.79849172,.98370892,-.00017569754,.0031059335,-.00020808048,.0030354555,.0073305173,.074738704,-.00012728985,.0048913299,-.00022029853,.0048196083,.028154684,.1063545,-.00083313818,.018388916,-.00095256907,.017928522,.10187199,.4069632,.84906048,.95334476,.029393589,.089740351,-.0052650524,.083725855,.12047268,.23072104,.67894125,.843961,-.0094570518,.13536108,-.016994415,.055885829,-.019982275,.12929998,.8270396,1.0247513
.0014137302,.0013652203,.040116884,.0022993006,.0022214612,.06572587,.0084844623,.0082094884,.24834508,.9008925,.059569553,.039537948,.17550993,.76104951,.063440576,.019559318,.054899894,.9255408,30,-.00090955163,.0024919959,-.0008382391,.0025543165,.0029635374,.065796137,-.0012899474,.0037465803,-.0014992813,.0035280068,.019453743,.094068438,-.0052444125,.013937121,-.0059164092,.014400676,.081555873,.37075675,.83875227,.94794828,.03537561,.097145095,.0070729768,.088345759,.12851539,.23017144,.66614425,.83502448,.010623019,.14341711,.0011979088,.068211436,.010231309,.15605617,.79731572,.98374307,-.00018023253,.003007693,-.00021217199,.0029426124,.0073583424,.072875425,-.00014786732,.0047464683,-.00023896922,.0046818918,.027285302,.10416644,-.0008895385,.017858462,-.0010030916,.017422069,.098066591,.39862359,.84855562,.95322937,.029393069,.089746036,-.0052227792,.084298678,.12037821,.23064165,.67831039,.84378862,-.0093691293,.13625029,-.01718303,.056301665,-.020233141,.13003293,.82594103,1.0251405
.0013650475,.0013191954,.039196406,.0022208381,.0021471481,.064196348,.008205004,.0079436637,.24231239,.900603,.059571907,.039825082,.17542867,.76067424,.063897096,.019663807,.055121344,.92521483,31,-.00093217602,.0023779641,-.00088114996,.0024385809,.0028145115,.064204156,-.0013678415,.0036452019,-.0015620054,.0034342969,.018544979,.091886833,-.0053195353,.01357354,-.005950734,.013924972,.075696416,.35989362,.83817649,.9479298,.035372354,.09715037,.0071013933,.088505507,.12849522,.23012221,.66562676,.83490753,.010652083,.14426342,.0011939027,.068651579,.010201467,.15699638,.79624975,.98377812,-.00018426342,.0029143586,-.00021568857,.0028540792,.0073728119,.07102,-.00016469361,.0046063699,-.00025349009,.0045477864,.026420331,.10197236,-.00092962186,.01733963,-.0010380759,.016925402,.094306499,.39031827,.84808648,.95311952,.029392786,.089751028,-.0051817098,.084831871,.12028967,.23056768,.67772239,.84362608,-.0092845792,.13707878,-.017353991,.056681607,-.020459395,.13070208,.82493758,1.0254921
.001318813,.001275378,.038276695,.002146275,.0020763907,.062671334,.0079383021,.007689436,.23633422,.90033251,.05957406,.040093444,.17535265,.76032323,.064324096,.019760026,.05532508,.9249149,32,-.00094508927,.0022427589,-.0009135555,.0023298818,.0026619225,.062598154,-.0014263354,.00354503,-.0016084583,.0033432823,.017200667,.09001793,-.0053867446,.013128269,-.0059093982,.013470856,.069862992,.34802204,.83740747,.94791305,.035369404,.097154707,.0071268887,.088654712,.12847729,.23007932,.66479713,.83479631,.01065423,.14504978,.0011903772,.069050759,.010174636,.1578491,.79528356,.983814,-.00018784351,.0028254695,-.00021875433,.0027695105,.0073723267,.069181062,-.0001780812,.004470631,-.00026441747,.0044171987,.025561372,.099781297,-.00095603528,.01683264,-.0010597636,.016438635,.090602703,.38206574,.84764987,.95301515,.029392688,.089755431,-.0051419451,.085328832,.12020661,.23049869,.67717361,.84347284,-.0092035225,.13785172,-.017508734,.057028785,-.020662917,.13131307,.82402098,1.0258088
.0012748183,.0012335927,.037360776,.0020752915,.002008897,.061155334,.0076833786,.0074460078,.23042308,.90007949,.059576038,.040344495,.17528148,.75999469,.064723812,.019848738,.055512767,.92463851,33,-.0009560195,.002125904,-.00093948958,.0022352389,.0025150653,.060986154,-.0014444799,.0034461804,-.0016394481,.0032551144,.01573305,.088136718,-.005413556,.012699746,-.0058364607,.013036742,.06429483,.34128278,.83667874,.94789779,.035366725,.097158238,.0071497019,.088794336,.1284613,.23004192,.66402209,.83469081,.010655995,.14578202,.0011872742,.069412947,.01015053,.15862259,.79440778,.98385024,-.00019088706,.0027405238,-.00022127164,.0026884573,.007355629,.067365929,-.00018843985,.0043390226,-.0002721429,.0042899367,.024709662,.097601011,-.00097103522,.016337793,-.0010702956,.01596231,.086963974,.3738822,.84724289,.95291609,.029392734,.089759342,-.0051036072,.085792601,.12012864,.23043431,.67666084,.84332854,-.0091260942,.13857372,-.017648591,.057346065,-.020845497,.13187103,.82318354,1.0260935
.0012328899,.001193693,.036451228,.002007595,.0019444044,.059652179,.0074394271,.0072127073,.22458941,.89984262,.059577856,.040579554,.1752148,.75968695,.065098286,.019930622,.055685882,.92438352,34,-.0009895179,.0020533917,-.000955055,.0021483181,.0023758772,.059173092,-.0014532163,.0033486616,-.001623002,.0031693934,.014191,.086250499,-.0054044686,.012287094,-.0057361606,.012657437,.058996398,.33355549,.83611673,.94788408,.0353643,.097161099,.0071700616,.089003697,.12844707,.23000929,.66329765,.83459055,.010657454,.1464653,.0011845443,.069741659,.010128887,.15932432,.79361403,.98388654,-.00019292293,.0026587029,-.00022265421,.0026100404,.0073220199,.065580435,-.00019565236,.0042108423,-.00027650618,.0041653151,.023866612,.09543775,-.00097704527,.015855899,-.0010718979,.015497313,.083396956,.36578184,.84686303,.95282221,.029392887,.089762829,-.0050668288,.086225934,.12005539,.2303742,.6761812,.8431927,-.009052407,.13924898,-.0177748,.057636041,-.02100884,.1323806,.82241839,1.0263486
.0011928751,.001155547,.035550207,.001942931,.0018826902,.058165103,.0072057196,.0069888891,.21884172,.89962065,.059579533,.040799808,.17515226,.7593984,.065449357,.020006288,.055845737,.92414796,35,-.0010127173,.0019936389,-.0009844224,.0020641573,.0022439847,.056572482,-.0014537364,.0032522499,-.0015987338,.0030855159,.013147344,.084365621,-.0053637787,.01188959,-.0053500887,.012349842,.053051382,.32589316,.83600771,.94787163,.035362102,.097163402,.0071881888,.089186855,.12843435,.22998081,.66262031,.83449531,.010658663,.14710417,.0011821431,.070040107,.01010947,.15996096,.7928946,.98392224,-.00019382829,.0025795784,-.00022278275,.0025338766,.007271192,.063829221,-.00020007974,.0040859417,-.00027786955,.0040432503,.023033483,.093296722,-.00097586901,.015387308,-.0010663235,.015044102,.079906598,.35777685,.84650785,.95273346,.029393123,.089765944,-.0050317752,.086631387,.11998651,.23031799,.6757319,.8430649,-.0089826146,.13988133,-.017888516,.057901092,-.021154553,.13284603,.82171923,1.0265768
.0011546336,.0011190296,.034659535,.001881076,.0018235606,.056696828,.0069815638,.0067739221,.21318701,.89941257,.059581079,.041006342,.17509359,.75912768,.065778725,.02007628,.055993516,.92393023,36,-.0010267445,.0019354683,-.0010131479,.001982545,.0021036216,.054525454,-.0014471058,.0031570382,-.0015678287,.0030033479,.012162601,.082487509,-.0048952019,.011506494,-.0051178574,.012052084,.047185883,.31830913,.83587492,.94786036,.035360105,.097165227,.0072042923,.089336976,.12842298,.22995597,.66198671,.83440495,.01065967,.14770259,.0011800326,.070311166,.010092063,.16053858,.79224277,.98395705,-.00019368618,.0025029532,-.00022180822,.0024598674,.0072032912,.062115777,-.00020202211,.0039641741,-.00027661471,.003923736,.022211624,.091182031,-.00096913223,.01493226,-.0010551477,.014602992,.076496325,.34987769,.84617531,.95264983,.029393421,.089768738,-.0049986057,.087011293,.11992174,.23026544,.67531043,.84294492,-.0089168409,.14047429,-.017990811,.05814337,-.021284143,.13327117,.82108033,1.0267801
.0011180352,.0010840246,.033780724,.0018218321,.0017668417,.055249609,.0067663179,.0065672263,.20763092,.89921737,.059582513,.041200135,.1750385,.75887358,.066087902,.020141089,.056130275,.92372864,37,-.0010178208,.0018807373,-.0010318104,.0019035436,.0018872973,.053059608,-.0014342768,.0030209715,-.0015313637,.0029230355,.01125887,.080139369,-.0048138234,.011137116,-.0049379487,.011763522,.040979877,.31068763,.83574551,.94785017,.035358291,.097166657,.0072185667,.08945974,.12841278,.22993426,.66139388,.83431917,.010660516,.14826411,.0011781787,.070557423,.010076471,.16106272,.7916522,.98399043,-.00019260336,.0024286737,-.00021984226,.0023878913,.0071187764,.060442675,-.00020189857,.0038455629,-.00027319253,.003806876,.021402238,.089096978,-.00095800409,.01449064,-.001039527,.014173979,.073168404,.34209344,.84586352,.95257121,.029393766,.089771256,-.004967466,.087367736,.11986076,.23021625,.6749146,.84283257,-.0088552162,.14103101,-.018082678,.058364857,-.021399025,.13365957,.82049644,1.0269608
.001082964,.0010504295,.032915041,.0017650219,.0017123767,.0538253,.0065594045,.0063682892,.20217799,.89903408,.059583839,.041382089,.17498676,.75863492,.066378303,.020201154,.056256961,.9235419,38,-.00099112617,.0018292151,-.0010415098,.0018271434,.0015182158,.051608842,-.0014160944,.0028793677,-.0014903073,.0028446259,.010444725,.077529654,-.0047114799,.010795126,-.004766346,.011483633,.035197623,.30151308,.83561885,.94782478,.035356648,.09716776,.0072311945,.089560345,.12840368,.22991531,.66083884,.83423775,.01066123,.14879186,.0011765517,.070781231,.010062517,.16153833,.79111719,.98402202,-.00019059947,.0023565274,-.00021689554,.0023177546,.0070184218,.058811661,-.00019995216,.003729996,-.00026786237,.0036926158,.020606494,.087044105,-.0009435562,.014062366,-.0010205414,.01375712,.069924168,.3344318,.84557068,.95249748,.02939414,.089773536,-.0049384581,.087702639,.11980335,.23017018,.67454243,.84272742,-.0087977834,.14155439,-.018165044,.058567353,-.021500528,.13401444,.81996274,1.0271211
.0010493166,.0010181537,.03206351,.0017104842,.0016600215,.052425403,.0063603129,.0061766622,.19683173,.89886189,.059585072,.041553013,.17493814,.75841069,.066651195,.020256871,.056374427,.92336869,39,-.00096023851,.0017789495,-.0010190085,.0017532338,.0012701098,.050176188,-.0013933345,.0027441843,-.0014455181,.0027680499,.0096781831,.074960291,-.0045437207,.010525841,-.0046372646,.011211921,.03036835,.29247561,.83549488,.9477818,.035355154,.097168595,.0072423429,.089643419,.1283955,.22989872,.66031933,.83416051,.010661837,.14928862,.0011751251,.070984721,.010050042,.16196996,.79063272,.9840517,-.00018767161,.0022863047,-.00021295603,.0022492637,.0069032456,.057223778,-.00019642313,.0036173915,-.0002608799,.003580923,.019825455,.085025355,-.00092664972,.013647276,-.0009990792,.013352403,.066764317,.32689914,.84529525,.95242852,.029394535,.089775607,-.0049116667,.088017695,.11974929,.23012701,.67419207,.84262931,-.0087445742,.14204696,-.018238762,.058752507,-.021589886,.13433874,.81947488,1.0272626
.0010170006,.00098711601,.031226974,.0016580726,.0016096461,.051051121,.0061685853,.005991939,.19159481,.89870012,.059586219,.041713662,.17489241,.75819981,.066907749,.020308603,.056483444,.92320794,40,-.00092592568,.0017295934,-.00098865363,.001682369,.0011193486,.048764229,-.0013666954,.0026151529,-.0013977629,.0026932724,.0085804425,.072435677,-.0043701129,.010263632,-.0044912603,.010947969,.024933616,.28358757,.83537316,.94774204,.035353798,.09716922,.007252167,.089713037,.12838814,.22988422,.65983272,.83408713,.010662354,.14985454,.0011738756,.071169794,.0100389,.16236167,.79019415,.98407918,-.00018390569,.002217907,-.00020813124,.0021823633,.0067744711,.055679478,-.00019155994,.0035077049,-.00025253228,.0034718243,.019060124,.083042122,-.00090799696,.013245168,-.00097588683,.012959764,.06368915,.31950048,.84503597,.95236427,.029394941,.089777499,-.0048871264,.088314451,.11969832,.23008651,.6738618,.84253782,-.0086955754,.14251107,-.01830462,.058921825,-.02166825,.13463514,.81902885,1.027387
.00098593265,.00095724181,.030406086,.0016076552,.0015611328,.049703397,.0059838053,.0058137453,.18646909,.89854801,.059587285,.041864716,.17484941,.75800157,.067149043,.020356672,.056584701,.92305863,41,-.00089706026,.0016815985,-.00095409295,.0016167611,.00098107639,.047481425,-.0013368046,.0025323634,-.0013477263,.0026203217,.0073156916,.069959544,-.0041924994,.010008264,-.004331328,.010691369,.019969299,.27485904,.83525372,.94770527,.035352565,.09716966,.0072608078,.089772686,.12838154,.22987151,.65937686,.83401763,.0106628,.15070115,.0011727826,.071338207,.010028958,.16271718,.78979707,.98410439,-.0001794253,.0021512907,-.00020256375,.0021170473,.0066334764,.054178696,-.00018561289,.0034009235,-.00024310306,.0033653688,.018311402,.081095397,-.00088812696,.012855737,-.00095153658,.012579027,.060698681,.31223953,.84479153,.95230448,.029395347,.089779221,-.0048648575,.088594288,.1196503,.23004852,.67355025,.84245288,-.0086507341,.14294882,-.018363345,.059076689,-.021736681,.13490608,.81862104,1.0274962
.00095603662,.00092846324,.029601362,.0015591132,.0015143758,.048382945,.0058055888,.0056417347,.18145582,.8984049,.05958828,.042006809,.17480893,.757815,.067376085,.020401372,.056678835,.92291981,42,-.00087403529,.0016348967,-.00091608253,.0015533793,.00079319993,.046490595,-.0013042224,.0024602308,-.0012960199,.0025492115,.0061888127,.067535013,-.0040124846,.0097595137,-.0041757748,.010441775,.015456768,.26693738,.83513653,.94767112,.035351448,.097169966,.0072683953,.089967161,.12837559,.2298604,.65894973,.83395171,.010663184,.15150586,.0011718278,.071491517,.010020098,.16303988,.78943777,.9841274,-.00017434392,.0020864171,-.00019637418,.0020533006,.0064817416,.052720979,-.00017880656,.003297033,-.00023284355,.003261595,.017580101,.079185791,-.00086742808,.012478606,-.00092645473,.012209925,.05779279,.30511886,.84456074,.95224905,.029395754,.089780807,-.0048448383,.088858455,.119605,.23001286,.67325598,.84237403,-.0086099487,.14336212,-.018415615,.059218358,-.021796159,.13515383,.81824809,1.0275916
.00092724338,.0009007185,.02881318,.0015123385,.0014692785,.047090281,.0056335856,.00547559,.17655565,.89827025,.059589207,.042140521,.17477085,.75763941,.067589775,.02044297,.056766409,.92279065,43,-.00084802846,.001589574,-.00087532745,.0014921802,.0005196624,.045589156,-.0012694509,.002390258,-.0012431853,.0024799146,.0051199356,.065249532,-.003831483,.0095171714,-.0040218541,.01019886,.011376146,.26105207,.8350215,.94763958,.035350434,.097170159,.0072750472,.090348274,.12837024,.22985062,.65854955,.83388925,.010663519,.15227091,.0011709951,.071631163,.010012208,.16333279,.78911281,.98414814,-.00016875273,.0020232394,-.0001896582,.0019910953,.0063208048,.051305555,-.00017132993,.0031960071,-.00022196097,.0031605179,.016866937,.077313624,-.00084618846,.01211336,-.00090097199,.011852153,.054971304,.29813999,.84434277,.95219773,.029396152,.08978226,-.0048270272,.089108072,.11956231,.2299794,.67297786,.84230095,-.0085731102,.14375266,-.018462045,.059347987,-.021847595,.13538042,.81790692,1.0276743
.0008994902,.0008739513,.028041812,.0014672333,.0014257526,.045825757,.005467474,.0053150211,.17176877,.89814353,.059590075,.042266391,.17473498,.75747406,.067790963,.020481711,.056847945,.92267036,44,-.00081957632,.0015453931,-.00083251751,.0014331159,.00027456568,.044703096,-.0012329392,.0023223613,-.0011981772,.0024123967,.0038697287,.063698396,-.0036507421,.0092810374,-.0037781377,.009962338,.0077066245,.25527033,.83490884,.94761038,.035349511,.097170264,.0072808694,.09070529,.1283654,.22984207,.6581744,.83383,.010663811,.15299845,.0011702698,.071758434,.010005191,.1635987,.78881884,.98416686,-.00016273656,.0019617169,-.00018250712,.0019304097,.0061522177,.049931403,-.00016334516,.0030978117,-.00021063921,.0030621446,.016172519,.075478993,-.00082463486,.011759583,-.00087535038,.011505392,.052234054,.29130349,.8441366,.95215046,.029396541,.089783609,-.0048113456,.089344129,.11952201,.22994795,.67271477,.84223336,-.0085400622,.14412199,-.018503206,.059466626,-.021891812,.13558771,.81759477,1.027746
.00087272003,.00084811036,.027287431,.0014237075,.0013837175,.044589568,.0053069615,.0051597622,.16709496,.8980242,.059590887,.042384915,.1747012,.75731838,.067980438,.020517813,.056923907,.92255831,45,-.00078916544,.0015023178,-.00078826933,.0013878064,.0003401585,.043832459,-.0011950869,.0022564726,-.001153837,.002345321,.0027356232,.061935909,-.0034852917,.0090509262,-.0035757562,.0097319428,.0044267322,.24959433,.83479857,.94758332,.035348669,.097170308,.0072859582,.091039717,.12836105,.22983453,.65782273,.83377379,.010664069,.15369038,.0011696394,.071874507,.0099989576,.16383927,.788553,.98418367,-.00015639546,.0019018356,-.00017503205,.0018712528,.0059775058,.048597358,-.00015500584,.0030024208,-.00019905191,.0029664868,.015497353,.073681787,-.00080294214,.011416866,-.00084979512,.011169319,.049580898,.28460902,.84394151,.95210689,.02939692,.089784853,-.0047977036,.089567535,.11948399,.22991842,.67246574,.84217101,-.0085106194,.1444715,-.018539617,.059575245,-.021929575,.13577738,.81730908,1.0278076
.00084688078,.0008231487,.026550131,.0013816793,.0013430988,.043381795,.0051517785,.0050095688,.16253364,.89791179,.059591644,.042496551,.17466938,.75717169,.068158932,.020551478,.056994732,.92245376,46,-.00075232703,.0014603973,-.00074311206,.0013452898,-.000093214665,.042977244,-.0011562484,.002192528,-.0010857875,.0022634098,.001712457,.060217276,-.0032991164,.0088266609,-.003417677,.0095074307,.0015145803,.24410695,.83470261,.94755822,.035347909,.097170293,.0072904001,.09135294,.12835711,.22982791,.657493,.83372056,.010664296,.15434861,.0011690924,.071980432,.0099934256,.16402104,.78831267,.98419869,-.00014982592,.0018435875,-.00016733698,.0018136344,.0057981429,.047302119,-.00014644444,.0029098031,-.00018734825,.0028735457,.014841844,.071921743,-.00078125118,.011084808,-.00082446815,.010843605,.047011744,.27805552,.84375674,.95206684,.029397281,.089786008,-.0047859959,.089779094,.1194481,.22989067,.67222983,.84211355,-.0084845843,.14480245,-.018571759,.059674717,-.021961579,.13595104,.81704742,1.02786
.00082192477,.0007990232,.025829928,.0013410734,.0013038283,.042202402,.0050016772,.004864214,.15808395,.89780593,.059592355,.042601731,.17463939,.75703347,.068327114,.020582894,.0570608,.92235631,47,-.00070412597,.0014196064,-.00070926338,.0013038651,-.00019410274,.042137414,-.0010998216,.0021304616,-.0010189612,.002164399,.00093657727,.058542803,-.0031621954,.008608073,-.0032590302,.0092885783,-.00065564481,.23966655,.83461499,.94753504,.035347216,.097170256,.0072942716,.091646284,.12835357,.2298221,.65718377,.8336755,.010664498,.15497486,.0011686188,.072084457,.0099876188,.16418648,.78809559,.9842121,-.00014311526,.0017869648,-.00015951536,.0017575618,.0056155254,.046044331,-.00013777932,.0028199262,-.00017565943,.002783316,.014206297,.070198506,-.00075966906,.010763024,-.00079948967,.010527917,.044526521,.27164134,.84358168,.95203018,.029397631,.089787081,-.0047760974,.089979559,.11941419,.22986458,.67200637,.84206057,-.0084617566,.14511599,-.018600065,.059765853,-.021988463,.13611007,.81680793,1.0279047
.00079780829,.00077569421,.025126781,.0013018207,.0012658433,.041051269,.0048564281,.0047234874,.15374473,.89770615,.059593022,.042700846,.17461114,.75690323,.068485618,.020612223,.057122476,.92226529,48,-.00066583068,.0013799355,-.00067920785,.0012635288,-.00042289164,.040935002,-.0010269034,.0020702074,-.000953726,.0020692623,.00032653939,.056912579,-.0030708429,.0083950013,-.0031008045,.0090751788,-.0019733307,.23530316,.83453053,.94751358,.035346583,.097170189,.0072976425,.091921009,.12835035,.22981696,.65689373,.83366716,.010664677,.15557081,.0011682098,.072184697,.009980836,.16433708,.78789943,.98422414,-.00013633817,.0017319547,-.00015164699,.0017030354,.0054309531,.044822611,-.00012910759,.0027327491,-.00016409265,.0026957791,.01359092,.06851162,-.00073828921,.010451145,-.00077495928,.010221934,.042125136,.26536432,.84341568,.95199662,.029397964,.089788079,-.0047678896,.090169579,.11938218,.2298401,.67179453,.84201193,-.0084419157,.14541315,-.018624935,.059849381,-.022010796,.13625574,.8165884,1.0279422
.00077449105,.00075312494,.0244406,.0012638578,.0012290856,.039928194,.004715818,.0045871935,.14951469,.89761209,.059593648,.042794265,.17458449,.75678051,.068635024,.020639621,.057180081,.92218029,49,-.00063633127,.0013413118,-.0006480494,.0012242745,-.00066057808,.039688598,-.00095613149,.0020117064,-.00089039409,.0019778926,-.00027408492,.05530142,-.0029271268,.0081872921,-.0029314766,.0088670412,-.0043365941,.23101619,.83444905,.94749373,.035346009,.097170115,.0073005734,.09217827,.12834746,.22981244,.65662181,.83365959,.010664838,.15613794,.0011678573,.072312526,.0099747833,.16447426,.78772229,.98423505,-.00012956177,.0016785439,-.00014380435,.0016500542,.0052456139,.043635584,-.00012051284,.0026482285,-.00015274016,.0026109114,.012995828,.066860564,-.00071719516,.010148832,-.00075096014,.0099253468,.03980745,.25922191,.8432582,.95196599,.029398283,.089789011,-.0047612442,.090349771,.11935192,.22981706,.67159379,.84196723,-.0084248511,.1456949,-.018646734,.059925973,-.022029109,.13638927,.81638724,1.0279733
.00075193594,.00073128159,.023771243,.001227126,.0011935019,.03883291,.0045796498,.0044551501,.14539227,.8975234,.059594233,.042882338,.17455937,.75666475,.068775892,.02066523,.057233915,.92210084,50,-.00060440891,.0013037177,-.0006161402,.0011860942,-.0010093283,.038480934,-.00091030088,.001954905,-.00082958909,.0018901837,-.0010800771,.053950846,-.0027793748,.0079847965,-.0027339431,.0086639887,-.0068659978,.22680494,.83437049,.94747531,.035345487,.097170033,.0073031196,.092419177,.1283448,.22980845,.65636659,.83365262,.010664983,.15667778,.0011675544,.072444022,.0099693881,.16459924,.78756231,.98424482,-.00012284794,.0016267198,-.0001360548,.0015986179,.0050605764,.04248191,-.00011206562,.0025663176,-.00014167886,.0025286826,.012421045,.065244772,-.00069646904,.0098557686,-.00072756858,.009637869,.037573237,.25321132,.84310877,.95193803,.029398585,.089789882,-.004756026,.090520702,.11932331,.22979543,.67140335,.84192616,-.0084103318,.14596212,-.018665785,.059996244,-.022043871,.1365117,.81620276,1.0279989
.0007301087,.00071013265,.023118539,.0011915707,.0011590418,.037765089,.0044477396,.0043271873,.14137585,.89743984,.059594784,.042965382,.17453569,.75655562,.068908721,.020689178,.057284251,.92202657,51,-.00057208526,.0012671397,-.00058379478,.0011489766,-.0012973661,.03753376,-.00086531759,.0018997514,-.00078978721,.0018236481,-.0017368738,.052630782,-.0026105416,.0077873748,-.002542292,.0084658554,-.0084097097,.22266865,.83429462,.94745827,.035345018,.097169951,.0073053301,.092644736,.12834242,.2298049,.65612721,.8336463,.010665111,.15719169,.001167295,.072566688,.0099645825,.16471314,.78741789,.98425382,-.00011624995,.0015764674,-.00012845584,.0015487211,.004876784,.041360293,-.00010382446,.0024869659,-.00013097136,.002449055,.011866515,.063663669,-.00067619095,.0095716696,-.00070485403,.0093592284,.035422131,.24732956,.84296703,.95191264,.029398872,.089790694,-.0047521139,.090682879,.11929628,.2297751,.67122269,.84188855,-.0083981603,.1462156,-.018682389,.060060743,-.02205551,.13662401,.81603354,1.0280197
.00070897758,.00068964891,.02248228,.0011571415,.001125659,.03672437,.0043199155,.0042031459,.13746363,.89736098,.059595302,.043043695,.17451334,.75645268,.069033988,.020711584,.057331342,.92195708,52,-.00053963403,.0012315564,-.00055129279,.0011221538,-.0013167761,.036769722,-.00083646807,.0018461952,-.00075070118,.0017696377,-.0017998528,.0513409,-.0024440973,.007594889,-.0024302704,.0082724877,-.0095303915,.21860641,.83426476,.94744253,.035344586,.097169861,.0073072468,.09285593,.12834027,.22980179,.65590262,.83364046,.010665229,.15768096,.0011670735,.072681174,.0099603059,.16481698,.78728759,.98426211,-.0001098124,.0015277675,-.00012105607,.0015003539,.0046950574,.040269502,-.000095837029,.0024101201,-.0001206677,.0023719857,.011332098,.062116642,-.00065643882,.0092962692,-.00068288005,.0090891719,.033353619,.24157363,.84283239,.95188957,.029399145,.089791462,-.0047493917,.090836786,.11927069,.229756,.67105138,.84185398,-.0083881347,.14645611,-.018696813,.060119983,-.022064414,.13672709,.81587815,1.028036
.00068851298,.00066980324,.021862233,.0011237917,.0010933102,.035710339,.004196017,.0040828767,.13365373,.89728665,.059595786,.043117557,.17449227,.75635558,.069152147,.020732557,.057375416,.92189205,53,-.00051535573,.0011969451,-.00051888055,.0010959827,-.0013254334,.036021166,-.00081795151,.0017941897,-.00071248185,.0017171714,-.001840609,.050080843,-.0022808975,.0074072098,-.0022604123,.0080837384,-.011216467,.21405026,.83424687,.94742793,.035344198,.097169787,.0073089078,.093053654,.12833831,.22979903,.65569186,.83363515,.010665334,.15814683,.001166885,.072788075,.0099565033,.16491167,.78716999,.98426968,-.0001035713,.0014805973,-.00011389493,.0014535014,.0045160954,.039208371,-.000088141031,.0023357244,-.00011080618,.0022974266,.010817591,.060603086,-.00063728716,.0090293214,-.00066170481,.0088274581,.031366996,.23594047,.84270465,.95186865,.029399402,.08979217,-.0047477423,.090982854,.11924649,.22973806,.67088884,.84182233,-.0083800517,.14668435,-.018709304,.060174417,-.022070929,.13682176,.81573552,1.0280486
.00066868751,.00065057015,.021258149,.0010914773,.0010619547,.034722555,.0040758946,.0039662393,.12994422,.8972165,.059596244,.043187235,.17447239,.75626397,.069263607,.020752199,.057416685,.92183113,54,-.00048730994,.0011632728,-.00048677431,.0010704248,-.0014174018,.035273716,-.00079833146,.0017436896,-.0007019703,.0016662076,-.0022176856,.048850201,-.0021216741,.0072242096,-.0021546436,.0078652436,-.012642637,.20950045,.83422947,.9474144,.035343841,.097169712,.0073103467,.093238749,.12833652,.22979659,.65551859,.83363032,.010665429,.15859045,.0011667253,.072887927,.0099531244,.16499808,.78706396,.98427683,-.000097555574,.0014349306,-.00010700428,.0014081446,.0043404824,.038175818,-.0000807658,.0022637206,-.00010141537,.0022253247,.010322717,.059122398,-.00061880576,.0087705953,-.00064138055,.008573859,.029461337,.2304271,.8425833,.9518497,.029399646,.08979284,-.0047470555,.091121525,.11922359,.2297212,.67073458,.84179336,-.0083737429,.14690095,-.018720077,.060224473,-.022075368,.13690874,.81560439,1.0280579
.00064947549,.00063192588,.020669755,.0010601575,.0010315545,.033760563,.0039594066,.0038531015,.12633309,.89715034,.059596676,.043252967,.17445365,.7561776,.069368765,.0207706,.057455346,.92177403,55,-.00045726512,.0011305196,-.00045924104,.0010454701,-.001597672,.034466494,-.00077782053,.0016946523,-.00069845142,.0016167129,-.0025136231,.047648527,-.0020497874,.0070457673,-.0020636215,.007646508,-.013714518,.20504469,.83421272,.94740188,.035343517,.097169645,.0073115919,.093412034,.12833489,.22979441,.65535951,.83362585,.010665515,.15901294,.0011665906,.072981253,.0099501256,.16507694,.78696823,.98428357,-.000091787697,.0013907386,-.00010040911,.0013642608,.0041686939,.037170816,-.000073733296,.0021940486,-.000092515067,.0021556243,.0098471465,.05767398,-.00060105813,.0085198712,-.00062195311,.0083281565,.027635505,.22503068,.84246802,.95183265,.029399879,.089793473,-.0047472389,.091253176,.11920191,.22970538,.67058837,.84176683,-.0083690342,.14710656,-.018729329,.060270529,-.022078006,.1369887,.81548381,1.0280643
.00063085288,.00061384798,.020096768,.0010297941,.001002074,.032823868,.0038464193,.0037433384,.12281828,.89708793,.059597079,.04331499,.17443594,.75609607,.069467984,.020787846,.057491574,.92172056,56,-.00042768777,.0010986645,-.00043934252,.0010211079,-.0016071086,.03365884,-.00075660902,.0016545573,-.00068763481,.0015686533,-.0026861196,.046475351,-.0020327549,.0068717632,-.0019328814,.0074338224,-.013706559,.20068136,.83419657,.94739032,.035343222,.097169593,.007312669,.093574241,.12833342,.22979248,.65521061,.83362174,.010665594,.15941533,.0011664776,.073068492,.0099474648,.16514893,.78688204,.98428982,-.000086283806,.0013479895,-.000094127332,.0013218233,.0040011047,.036192432,-.000067058732,.0021266469,-.000084117128,.0020882653,.0093904948,.056257244,-.00058409979,.0082769385,-.00060346088,.0080901375,.025888143,.21974842,.84235865,.95181721,.029400095,.089794062,-.0047481987,.091378175,.11918139,.22969051,.67044955,.84174258,-.0083657717,.14730173,-.01873724,.060312934,-.022079095,.13706225,.81537288,1.0280683
.00061279716,.00059631554,.019538891,.0010003508,.00097347941,.031911977,.0037368073,.0036368314,.11939772,.89702904,.059597462,.043373514,.17441925,.75601912,.069561616,.020804016,.057525542,.92167044,57,-.00039872606,.0010676864,-.00040466641,.0009973268,-.0016038429,.032835186,-.00072319119,.0016152847,-.00066246366,.0015219959,-.0028166776,.045330185,-.0019008883,.0067020841,-.0018083376,.0072270297,-.013584099,.1964089,.83418119,.94737959,.035342954,.097169541,.0073136007,.093726076,.12833211,.22979076,.65507162,.83361804,.010665664,.15979864,.0011663833,.073150083,.0099451076,.16521467,.78680432,.98429585,-.00008105451,.0013066488,-.000088170949,.001280802,.0038380008,.035239778,-.000060751645,.0020614532,-.000076226897,.0020231856,.0089523355,.054871622,-.00056797604,.0080415905,-.00058593316,.0078595961,.024217673,.21457778,.8422547,.95180339,.029400304,.089794621,-.0047498546,.091496885,.11916196,.22967654,.67031783,.8417204,-.0083638085,.14748704,-.018743966,.060351998,-.022078857,.13712993,.81527078,1.0280701
.00059528725,.00057930866,.01899582,.00097179384,.00094573887,.031024378,.0036304521,.003533469,.11606932,.89697343,.05959782,.043428741,.17440349,.75594652,.069649965,.020819183,.0575574,.92162341,58,-.00036835307,.001037563,-.00037142145,.00097411586,-.0015893178,.032031149,-.00069561525,.0015727805,-.00063761801,.0014802234,-.0029093358,.044212513,-.0017691304,.0065366183,-.0017281483,.0070259767,-.013362259,.19222568,.83416653,.94736969,.035342712,.097169504,.0073144073,.093868196,.12833089,.22978924,.65494186,.83361459,.01066573,.16016376,.0011663052,.073226415,.0099430196,.16527474,.78673422,.98430151,-.000076105593,.0012666801,-.00008254651,.0012411638,.0036795868,.034312055,-.00005481669,.0019984043,-.000068843925,.0019603216,.0085321981,.053516556,-.00055272068,.007813625,-.00056938961,.0076363278,.022622313,.20951633,.84215587,.95179099,.029400496,.089795142,-.0047521358,.09160962,.11914355,.22966343,.67019284,.8417002,-.008363029,.14766295,-.018749645,.06038801,-.022077486,.13719228,.81517673,1.0280701
.00057830312,.00056280871,.018467247,.00094409124,.00091882242,.030160548,.0035272406,.0034331444,.11283097,.89692098,.059598159,.043480866,.17438862,.75587803,.069733351,.020833414,.057587292,.9215793,59,-.00033801107,.0010082714,-.00033972826,.00095146324,-.0016180403,.031246336,-.00066337362,.0015315565,-.00060854189,.001449491,-.0029679425,.043121811,-.001653034,.0063819615,-.0016493944,.0068305125,-.013055138,.18813008,.8341527,.94736052,.035342492,.097169474,.0073151044,.094001219,.12832978,.22978789,.65482104,.83361149,.010665787,.16051161,.0011662409,.073297851,.0099411719,.16532965,.78667116,.98430687,-.000071438924,.0012280452,-.000077256103,.0012028735,.0035259977,.033408497,-.000049254348,.0019374368,-.000061963045,.0018996078,.0081295865,.052191511,-.0005383548,.0075928359,-.00055383879,.0074201273,.021100106,.20456184,.84206212,.95177984,.02940068,.089795634,-.0047549699,.091716699,.11912612,.22965111,.67007428,.84168178,-.0083633,.14783001,-.018754408,.060421236,-.022075158,.13724974,.81509,1.0280685
.00056182605,.00054679794,.017952858,.0009172128,.00089270156,.029319966,.0034270664,.0033357562,.10968057,.89687145,.059598476,.043530062,.17437458,.75581336,.069812059,.020846771,.057615347,.92153788,60,-.00032287816,.00097979116,-.00030961548,.00092935748,-.0016395219,.030356348,-.00063076313,.0014915713,-.00057995063,.0014194404,-.0029961499,.042057551,-.0015642364,.0062492979,-.0015722786,.0066404911,-.012675818,.18412046,.83413965,.94735193,.035342291,.097169444,.0073157074,.094125725,.12832877,.22978668,.6547699,.83360863,.010665841,.16084301,.0011661886,.073364727,.0099395383,.16537985,.7866143,.984312,-.000067052926,.001190705,-.000072297822,.0011658936,.0033773067,.032528408,-.000044061537,.0018784871,-.000055574917,.001840978,.0077439733,.050895959,-.00052488694,.0073790196,-.00053927879,.0072107916,.019648924,.19971222,.84197295,.95176995,.02940085,.089796104,-.0047582984,.091818422,.11910961,.22963955,.66996175,.84166497,-.0083645154,.14798863,-.018758362,.060451906,-.022072028,.13730273,.81501001,1.0280657
